Product Name,Brand Name,Price,Reviews
"""CLEAR CLEAN ESN"" Sprint EPIC 4G Galaxy SPH-D700*FRONT CAMERA*ANDROID*SLIDER*QWERTY KEYBOARD*TOUCH SCREEN",Samsung,199.99,Positive
"""CLEAR CLEAN ESN"" Sprint EPIC 4G Galaxy SPH-D700*FRONT CAMERA*ANDROID*SLIDER*QWERTY KEYBOARD*TOUCH SCREEN",Samsung,199.99,Positive
"""CLEAR CLEAN ESN"" Sprint EPIC 4G Galaxy SPH-D700*FRONT CAMERA*ANDROID*SLIDER*QWERTY KEYBOARD*TOUCH SCREEN",Samsung,199.99,Positive
"""CLEAR CLEAN ESN"" Sprint EPIC 4G Galaxy SPH-D700*FRONT CAMERA*ANDROID*SLIDER*QWERTY KEYBOARD*TOUCH SCREEN",Samsung,199.99,Positive
"""CLEAR CLEAN ESN"" Sprint EPIC 4G Galaxy SPH-D700*FRONT CAMERA*ANDROID*SLIDER*QWERTY KEYBOARD*TOUCH SCREEN",Samsung,199.99,Positive
"""CLEAR CLEAN ESN"" Sprint EPIC 4G Galaxy SPH-D700*FRONT CAMERA*ANDROID*SLIDER*QWERTY KEYBOARD*TOUCH SCREEN",Samsung,199.99,Negative
"""CLEAR CLEAN ESN"" Sprint EPIC 4G Galaxy SPH-D700*FRONT CAMERA*ANDROID*SLIDER*QWERTY KEYBOARD*TOUCH SCREEN",Samsung,199.99,Negative
"""CLEAR CLEAN ESN"" Sprint EPIC 4G Galaxy SPH-D700*FRONT CAMERA*ANDROID*SLIDER*QWERTY KEYBOARD*TOUCH SCREEN",Samsung,199.99,Positive
"""CLEAR CLEAN ESN"" Sprint EPIC 4G Galaxy SPH-D700*FRONT CAMERA*ANDROID*SLIDER*QWERTY KEYBOARD*TOUCH SCREEN",Samsung,199.99,Positive
"""CLEAR CLEAN ESN"" Sprint EPIC 4G Galaxy SPH-D700*FRONT CAMERA*ANDROID*SLIDER*QWERTY KEYBOARD*TOUCH SCREEN",Samsung,199.99,Positive
"""CLEAR CLEAN ESN"" Sprint EPIC 4G Galaxy SPH-D700*FRONT CAMERA*ANDROID*SLIDER*QWERTY KEYBOARD*TOUCH SCREEN",Samsung,199.99,Positive
"""CLEAR CLEAN ESN"" Sprint EPIC 4G Galaxy SPH-D700*FRONT CAMERA*ANDROID*SLIDER*QWERTY KEYBOARD*TOUCH SCREEN",Samsung,199.99,Positive
"""CLEAR CLEAN ESN"" Sprint EPIC 4G Galaxy SPH-D700*FRONT CAMERA*ANDROID*SLIDER*QWERTY KEYBOARD*TOUCH SCREEN",Samsung,199.99,Positive
"""CLEAR CLEAN ESN"" Sprint EPIC 4G Galaxy SPH-D700*FRONT CAMERA*ANDROID*SLIDER*QWERTY KEYBOARD*TOUCH SCREEN",Samsung,199.99,Positive
"""CLEAR CLEAN ESN"" Sprint EPIC 4G Galaxy SPH-D700*FRONT CAMERA*ANDROID*SLIDER*QWERTY KEYBOARD*TOUCH SCREEN",Samsung,199.99,Positive
"""CLEAR CLEAN ESN"" Sprint EPIC 4G Galaxy SPH-D700*FRONT CAMERA*ANDROID*SLIDER*QWERTY KEYBOARD*TOUCH SCREEN",Samsung,199.99,Negative
"""CLEAR CLEAN ESN"" Sprint EPIC 4G Galaxy SPH-D700*FRONT CAMERA*ANDROID*SLIDER*QWERTY KEYBOARD*TOUCH SCREEN",Samsung,199.99,Positive
"""CLEAR CLEAN ESN"" Sprint EPIC 4G Galaxy SPH-D700*FRONT CAMERA*ANDROID*SLIDER*QWERTY KEYBOARD*TOUCH SCREEN",Samsung,199.99,Positive
"""CLEAR CLEAN ESN"" Sprint EPIC 4G Galaxy SPH-D700*FRONT CAMERA*ANDROID*SLIDER*QWERTY KEYBOARD*TOUCH SCREEN",Samsung,199.99,Positive
"""CLEAR CLEAN ESN"" Sprint EPIC 4G Galaxy SPH-D700*FRONT CAMERA*ANDROID*SLIDER*QWERTY KEYBOARD*TOUCH SCREEN",Samsung,199.99,Positive
"""CLEAR CLEAN ESN"" Sprint EPIC 4G Galaxy SPH-D700*FRONT CAMERA*ANDROID*SLIDER*QWERTY KEYBOARD*TOUCH SCREEN",Samsung,199.99,Negative
"""CLEAR CLEAN ESN"" Sprint EPIC 4G Galaxy SPH-D700*FRONT CAMERA*ANDROID*SLIDER*QWERTY KEYBOARD*TOUCH SCREEN",Samsung,199.99,Positive
"""CLEAR CLEAN ESN"" Sprint EPIC 4G Galaxy SPH-D700*FRONT CAMERA*ANDROID*SLIDER*QWERTY KEYBOARD*TOUCH SCREEN",Samsung,199.99,Negative
"""CLEAR CLEAN ESN"" Sprint EPIC 4G Galaxy SPH-D700*FRONT CAMERA*ANDROID*SLIDER*QWERTY KEYBOARD*TOUCH SCREEN",Samsung,199.99,Positive
"""CLEAR CLEAN ESN"" Sprint EPIC 4G Galaxy SPH-D700*FRONT CAMERA*ANDROID*SLIDER*QWERTY KEYBOARD*TOUCH SCREEN",Samsung,199.99,Positive
"""CLEAR CLEAN ESN"" Sprint EPIC 4G Galaxy SPH-D700*FRONT CAMERA*ANDROID*SLIDER*QWERTY KEYBOARD*TOUCH SCREEN",Samsung,199.99,Positive
"""CLEAR CLEAN ESN"" Sprint EPIC 4G Galaxy SPH-D700*FRONT CAMERA*ANDROID*SLIDER*QWERTY KEYBOARD*TOUCH SCREEN",Samsung,199.99,Positive
"""CLEAR CLEAN ESN"" Sprint EPIC 4G Galaxy SPH-D700*FRONT CAMERA*ANDROID*SLIDER*QWERTY KEYBOARD*TOUCH SCREEN",Samsung,199.99,Positive
"""CLEAR CLEAN ESN"" Sprint EPIC 4G Galaxy SPH-D700*FRONT CAMERA*ANDROID*SLIDER*QWERTY KEYBOARD*TOUCH SCREEN",Samsung,199.99,Negative
"""CLEAR CLEAN ESN"" Sprint EPIC 4G Galaxy SPH-D700*FRONT CAMERA*ANDROID*SLIDER*QWERTY KEYBOARD*TOUCH SCREEN",Samsung,199.99,Positive
